ES,NQ
1.0,0.8434845877499646
0.8434845877499646,1.0
