GE,ZQ
1.0,0.36965123076383843
0.36965123076383843,1.0
